"부채보유 여부별","소득5분위별","자산5분위별","자산, 부채, 소득 분류별",2023,2024,2025
"전체","전체","전체","가구분포 (%)",100.0,100.0,100.0
"전체","전체","전체","가구원수 (명)",2.4,2.4,2.3
"전체","전체","전체","가구주 연령 (세)",55.0,54.9,55.3
"전체","전체","전체","경상소득(전년도) (만원)",6762,7185,7427
"전체","전체","전체","자산 (만원)",52727,54022,56678
"전체","전체","전체","부채 (만원)",9186,9128,9534
"전체","전체","전체","원리금상환액(전년도) (만원)",1259,1250,1328
"전체","전체","전체","순자산액 (만원)",43540,44894,47144
"전체","전체","자산1분위","가구분포 (%)",20.0,20.0,20.0
"전체","전체","자산1분위","가구원수 (명)",1.6,1.6,1.5
"전체","전체","자산1분위","가구주 연령 (세)",56.9,56.0,56.2
"전체","전체","자산1분위","경상소득(전년도) (만원)",2831,3010,3044
"전체","전체","자산1분위","자산 (만원)",2701,2664,2588
"전체","전체","자산1분위","부채 (만원)",985,938,835
"전체","전체","자산1분위","원리금상환액(전년도) (만원)",332,350,342
"전체","전체","자산1분위","순자산액 (만원)",1715,1726,1753
"전체","전체","자산2분위","가구분포 (%)",20.0,20.0,20.0
"전체","전체","자산2분위","가구원수 (명)",2.1,2.0,1.9
"전체","전체","자산2분위","가구주 연령 (세)",54.5,54.5,54.6
"전체","전체","자산2분위","경상소득(전년도) (만원)",4463,4602,4781
"전체","전체","자산2분위","자산 (만원)",14222,14430,14049
"전체","전체","자산2분위","부채 (만원)",2850,2787,2572
"전체","전체","자산2분위","원리금상환액(전년도) (만원)",704,716,713
"전체","전체","자산2분위","순자산액 (만원)",11372,11643,11477
"전체","전체","자산3분위","가구분포 (%)",20.0,20.0,20.0
"전체","전체","자산3분위","가구원수 (명)",2.6,2.5,2.4
"전체","전체","자산3분위","가구주 연령 (세)",53.8,53.4,54.5
"전체","전체","자산3분위","경상소득(전년도) (만원)",6109,6492,6591
"전체","전체","자산3분위","자산 (만원)",30473,30857,30658
"전체","전체","자산3분위","부채 (만원)",5842,5926,5761
"전체","전체","자산3분위","원리금상환액(전년도) (만원)",1097,1078,1110
"전체","전체","자산3분위","순자산액 (만원)",24631,24931,24897
"전체","전체","자산4분위","가구분포 (%)",20.0,20.0,20.0
"전체","전체","자산4분위","가구원수 (명)",2.9,2.8,2.8
"전체","전체","자산4분위","가구주 연령 (세)",53.6,54.1,54.2
"전체","전체","자산4분위","경상소득(전년도) (만원)",8246,8447,8866
"전체","전체","자산4분위","자산 (만원)",57009,56954,58424
"전체","전체","자산4분위","부채 (만원)",10269,10272,10643
"전체","전체","자산4분위","원리금상환액(전년도) (만원)",1717,1719,1649
"전체","전체","자산4분위","순자산액 (만원)",46740,46682,47781
"전체","전체","자산5분위","가구분포 (%)",20.0,20.0,20.0
"전체","전체","자산5분위","가구원수 (명)",3.0,3.0,3.0
"전체","전체","자산5분위","가구주 연령 (세)",56.1,56.6,56.9
"전체","전체","자산5분위","경상소득(전년도) (만원)",12160,13375,13852
"전체","전체","자산5분위","자산 (만원)",159196,165199,177615
"전체","전체","자산5분위","부채 (만원)",25981,25718,27849
"전체","전체","자산5분위","원리금상환액(전년도) (만원)",2444,2388,2823
"전체","전체","자산5분위","순자산액 (만원)",133215,139481,149766
"전체","소득1분위","전체","가구분포 (%)",20.0,20.0,20.0
"전체","소득1분위","전체","가구원수 (명)",1.4,1.3,1.3
"전체","소득1분위","전체","가구주 연령 (세)",65.8,65.9,65.6
"전체","소득1분위","전체","경상소득(전년도) (만원)",1405,1505,1552
"전체","소득1분위","전체","자산 (만원)",17287,16948,15913
"전체","소득1분위","전체","부채 (만원)",2004,1975,1669
"전체","소득1분위","전체","원리금상환액(전년도) (만원)",266,258,251
"전체","소득1분위","전체","순자산액 (만원)",15284,14974,14244
"전체","소득1분위","자산1분위","가구분포 (%)",10.3,10.1,10.4
"전체","소득1분위","자산1분위","가구원수 (명)",1.2,1.2,1.2
"전체","소득1분위","자산1분위","가구주 연령 (세)",64.1,64.0,63.8
"전체","소득1분위","자산1분위","경상소득(전년도) (만원)",1320,1399,1478
"전체","소득1분위","자산1분위","자산 (만원)",2086,2022,1978
"전체","소득1분위","자산1분위","부채 (만원)",605,547,502
"전체","소득1분위","자산1분위","원리금상환액(전년도) (만원)",138,174,138
"전체","소득1분위","자산1분위","순자산액 (만원)",1481,1475,1477
"전체","소득1분위","자산2분위","가구분포 (%)",4.9,5.3,5.1
"전체","소득1분위","자산2분위","가구원수 (명)",1.4,1.4,1.3
"전체","소득1분위","자산2분위","가구주 연령 (세)",66.9,66.6,67.3
"전체","소득1분위","자산2분위","경상소득(전년도) (만원)",1448,1572,1575
"전체","소득1분위","자산2분위","자산 (만원)",13289,13263,13082
"전체","소득1분위","자산2분위","부채 (만원)",1213,1302,1277
"전체","소득1분위","자산2분위","원리금상환액(전년도) (만원)",214,323,260
"전체","소득1분위","자산2분위","순자산액 (만원)",12076,11961,11806
"전체","소득1분위","자산3분위","가구분포 (%)",2.6,2.4,2.5
"전체","소득1분위","자산3분위","가구원수 (명)",1.6,1.5,1.5
"전체","소득1분위","자산3분위","가구주 연령 (세)",67.8,69.0,67.5
"전체","소득1분위","자산3분위","경상소득(전년도) (만원)",1545,1657,1677
"전체","소득1분위","자산3분위","자산 (만원)",29209,29854,29518
"전체","소득1분위","자산3분위","부채 (만원)",2803,2661,2724
"전체","소득1분위","자산3분위","원리금상환액(전년도) (만원)",400,256,469
"전체","소득1분위","자산3분위","순자산액 (만원)",26406,27194,26794
"전체","소득1분위","자산4분위","가구분포 (%)",1.5,1.6,1.3
"전체","소득1분위","자산4분위","가구원수 (명)",1.7,1.6,1.5
"전체","소득1분위","자산4분위","가구주 연령 (세)",68.8,69.8,68.6
"전체","소득1분위","자산4분위","경상소득(전년도) (만원)",1536,1669,1720
"전체","소득1분위","자산4분위","자산 (만원)",54905,56374,56358
"전체","소득1분위","자산4분위","부채 (만원)",4391,5675,5828
"전체","소득1분위","자산4분위","원리금상환액(전년도) (만원)",624,470,505
"전체","소득1분위","자산4분위","순자산액 (만원)",50515,50699,50530
"전체","소득1분위","자산5분위","가구분포 (%)",0.8,0.7,0.6
"전체","소득1분위","자산5분위","가구원수 (명)",1.6,1.5,1.5
"전체","소득1분위","자산5분위","가구주 연령 (세)",69.8,70.4,68.3
"전체","소득1분위","자산5분위","경상소득(전년도) (만원)",1548,1670,1747
"전체","소득1분위","자산5분위","자산 (만원)",135606,130424,132539
"전체","소득1분위","자산5분위","부채 (만원)",18604,17316,11417
"전체","소득1분위","자산5분위","원리금상환액(전년도) (만원)",1176,514,645
"전체","소득1분위","자산5분위","순자산액 (만원)",117002,113107,121122
"전체","소득2분위","전체","가구분포 (%)",20.0,20.0,20.0
"전체","소득2분위","전체","가구원수 (명)",1.9,1.8,1.8
"전체","소득2분위","전체","가구주 연령 (세)",54.7,54.3,55.1
"전체","소득2분위","전체","경상소득(전년도) (만원)",3309,3512,3586
"전체","소득2분위","전체","자산 (만원)",28567,28367,28916
"전체","소득2분위","전체","부채 (만원)",4432,4625,4388
"전체","소득2분위","전체","원리금상환액(전년도) (만원)",685,643,663
"전체","소득2분위","전체","순자산액 (만원)",24135,23742,24529
"전체","소득2분위","자산1분위","가구분포 (%)",5.8,5.9,5.8
"전체","소득2분위","자산1분위","가구원수 (명)",1.7,1.7,1.6
"전체","소득2분위","자산1분위","가구주 연령 (세)",49.4,48.2,48.1
"전체","소득2분위","자산1분위","경상소득(전년도) (만원)",3227,3410,3484
"전체","소득2분위","자산1분위","자산 (만원)",3164,3027,2896
"전체","소득2분위","자산1분위","부채 (만원)",1041,1129,945
"전체","소득2분위","자산1분위","원리금상환액(전년도) (만원)",362,401,477
"전체","소득2분위","자산1분위","순자산액 (만원)",2124,1899,1951
"전체","소득2분위","자산2분위","가구분포 (%)",6.0,6.2,6.0
"전체","소득2분위","자산2분위","가구원수 (명)",1.8,1.7,1.6
"전체","소득2분위","자산2분위","가구주 연령 (세)",52.8,52.4,52.7
"전체","소득2분위","자산2분위","경상소득(전년도) (만원)",3310,3518,3580
"전체","소득2분위","자산2분위","자산 (만원)",13711,14261,13706
"전체","소득2분위","자산2분위","부채 (만원)",2500,2853,2653
"전체","소득2분위","자산2분위","원리금상환액(전년도) (만원)",593,575,524
"전체","소득2분위","자산2분위","순자산액 (만원)",11211,11408,11054
"전체","소득2분위","자산3분위","가구분포 (%)",4.1,3.9,4.1
"전체","소득2분위","자산3분위","가구원수 (명)",2.0,2.0,1.9
"전체","소득2분위","자산3분위","가구주 연령 (세)",57.1,57.3,59.3
"전체","소득2분위","자산3분위","경상소득(전년도) (만원)",3374,3582,3672
"전체","소득2분위","자산3분위","자산 (만원)",30200,30307,30102
"전체","소득2분위","자산3분위","부채 (만원)",5260,5056,4630
"전체","소득2분위","자산3분위","원리금상환액(전년도) (만원)",998,748,660
"전체","소득2분위","자산3분위","순자산액 (만원)",24940,25251,25472
"전체","소득2분위","자산4분위","가구분포 (%)",2.5,2.6,2.7
"전체","소득2분위","자산4분위","가구원수 (명)",2.1,2.0,2.0
"전체","소득2분위","자산4분위","가구주 연령 (세)",60.6,61.8,63.2
"전체","소득2분위","자산4분위","경상소득(전년도) (만원)",3377,3582,3648
"전체","소득2분위","자산4분위","자산 (만원)",55537,55215,56620
"전체","소득2분위","자산4분위","부채 (만원)",7406,7639,7160
"전체","소득2분위","자산4분위","원리금상환액(전년도) (만원)",789,998,894
"전체","소득2분위","자산4분위","순자산액 (만원)",48131,47576,49460
"전체","소득2분위","자산5분위","가구분포 (%)",1.5,1.4,1.4
"전체","소득2분위","자산5분위","가구원수 (명)",2.1,2.0,2.0
"전체","소득2분위","자산5분위","가구주 연령 (세)",66.3,65.0,66.9
"전체","소득2분위","자산5분위","경상소득(전년도) (만원)",3331,3589,3658
"전체","소득2분위","자산5분위","자산 (만원)",133061,139343,144759
"전체","소득2분위","자산5분위","부채 (만원)",17582,19980,20022
"전체","소득2분위","자산5분위","원리금상환액(전년도) (만원)",1245,1014,1587
"전체","소득2분위","자산5분위","순자산액 (만원)",115479,119363,124737
"전체","소득3분위","전체","가구분포 (%)",20.0,20.0,20.0
"전체","소득3분위","전체","가구원수 (명)",2.5,2.4,2.3
"전체","소득3분위","전체","가구주 연령 (세)",52.3,51.7,51.9
"전체","소득3분위","전체","경상소득(전년도) (만원)",5388,5700,5805
"전체","소득3분위","전체","자산 (만원)",41948,41055,42516
"전체","소득3분위","전체","부채 (만원)",7443,7333,8059
"전체","소득3분위","전체","원리금상환액(전년도) (만원)",1089,1152,1233
"전체","소득3분위","전체","순자산액 (만원)",34505,33722,34456
"전체","소득3분위","자산1분위","가구분포 (%)",2.6,2.7,2.6
"전체","소득3분위","자산1분위","가구원수 (명)",2.4,2.1,2.1
"전체","소득3분위","자산1분위","가구주 연령 (세)",48.4,46.2,47.2
"전체","소득3분위","자산1분위","경상소득(전년도) (만원)",5285,5509,5624
"전체","소득3분위","자산1분위","자산 (만원)",3641,3613,3679
"전체","소득3분위","자산1분위","부채 (만원)",1701,1582,1495
"전체","소득3분위","자산1분위","원리금상환액(전년도) (만원)",763,608,609
"전체","소득3분위","자산1분위","순자산액 (만원)",1940,2032,2184
"전체","소득3분위","자산2분위","가구분포 (%)",5.2,4.8,5.0
"전체","소득3분위","자산2분위","가구원수 (명)",2.4,2.2,2.1
"전체","소득3분위","자산2분위","가구주 연령 (세)",48.9,48.5,48.4
"전체","소득3분위","자산2분위","경상소득(전년도) (만원)",5339,5651,5709
"전체","소득3분위","자산2분위","자산 (만원)",14524,14756,14525
"전체","소득3분위","자산2분위","부채 (만원)",3704,3176,3130
"전체","소득3분위","자산2분위","원리금상환액(전년도) (만원)",920,1000,948
"전체","소득3분위","자산2분위","순자산액 (만원)",10820,11580,11395
"전체","소득3분위","자산3분위","가구분포 (%)",5.4,5.8,5.6
"전체","소득3분위","자산3분위","가구원수 (명)",2.6,2.5,2.3
"전체","소득3분위","자산3분위","가구주 연령 (세)",51.4,50.9,51.1
"전체","소득3분위","자산3분위","경상소득(전년도) (만원)",5404,5702,5852
"전체","소득3분위","자산3분위","자산 (만원)",30268,30650,30115
"전체","소득3분위","자산3분위","부채 (만원)",6022,6291,7171
"전체","소득3분위","자산3분위","원리금상환액(전년도) (만원)",1008,1056,1378
"전체","소득3분위","자산3분위","순자산액 (만원)",24246,24359,22945
"전체","소득3분위","자산4분위","가구분포 (%)",4.0,4.2,4.2
"전체","소득3분위","자산4분위","가구원수 (명)",2.6,2.6,2.5
"전체","소득3분위","자산4분위","가구주 연령 (세)",55.2,54.9,54.7
"전체","소득3분위","자산4분위","경상소득(전년도) (만원)",5455,5799,5939
"전체","소득3분위","자산4분위","자산 (만원)",56109,56179,57028
"전체","소득3분위","자산4분위","부채 (만원)",9853,10346,10839
"전체","소득3분위","자산4분위","원리금상환액(전년도) (만원)",1518,1590,1553
"전체","소득3분위","자산4분위","순자산액 (만원)",46256,45834,46189
"전체","소득3분위","자산5분위","가구분포 (%)",2.8,2.4,2.6
"전체","소득3분위","자산5분위","가구원수 (명)",2.5,2.5,2.4
"전체","소득3분위","자산5분위","가구주 연령 (세)",60.1,60.7,61.0
"전체","소득3분위","자산5분위","경상소득(전년도) (만원)",5446,5840,5853
"전체","소득3분위","자산5분위","자산 (만원)",132162,135256,141046
"전체","소득3분위","자산5분위","부채 (만원)",19198,19486,21905
"전체","소득3분위","자산5분위","원리금상환액(전년도) (만원)",1246,1549,1587
"전체","소득3분위","자산5분위","순자산액 (만원)",112965,115770,119141
"전체","소득4분위","전체","가구분포 (%)",20.0,20.0,20.0
"전체","소득4분위","전체","가구원수 (명)",3.0,3.0,2.9
"전체","소득4분위","전체","가구주 연령 (세)",50.8,50.9,51.4
"전체","소득4분위","전체","경상소득(전년도) (만원)",8111,8605,8847
"전체","소득4분위","전체","자산 (만원)",58361,59944,62322
"전체","소득4분위","전체","부채 (만원)",11417,11177,11256
"전체","소득4분위","전체","원리금상환액(전년도) (만원)",1485,1635,1710
"전체","소득4분위","전체","순자산액 (만원)",46944,48767,51066
"전체","소득4분위","자산1분위","가구분포 (%)",1.0,1.1,1.0
"전체","소득4분위","자산1분위","가구원수 (명)",2.9,2.8,2.6
"전체","소득4분위","자산1분위","가구주 연령 (세)",50.3,48.5,47.6
"전체","소득4분위","자산1분위","경상소득(전년도) (만원)",7736,8342,8410
"전체","소득4분위","자산1분위","자산 (만원)",3547,4116,4072
"전체","소득4분위","자산1분위","부채 (만원)",2401,1456,1530
"전체","소득4분위","자산1분위","원리금상환액(전년도) (만원)",816,890,900
"전체","소득4분위","자산1분위","순자산액 (만원)",1147,2660,2542
"전체","소득4분위","자산2분위","가구분포 (%)",3.1,3.0,3.1
"전체","소득4분위","자산2분위","가구원수 (명)",3.0,2.8,2.7
"전체","소득4분위","자산2분위","가구주 연령 (세)",49.0,48.6,48.3
"전체","소득4분위","자산2분위","경상소득(전년도) (만원)",7905,8371,8643
"전체","소득4분위","자산2분위","자산 (만원)",15820,15848,15264
"전체","소득4분위","자산2분위","부채 (만원)",4465,4288,3398
"전체","소득4분위","자산2분위","원리금상환액(전년도) (만원)",1138,1146,1148
"전체","소득4분위","자산2분위","순자산액 (만원)",11355,11560,11866
"전체","소득4분위","자산3분위","가구분포 (%)",5.3,5.3,5.3
"전체","소득4분위","자산3분위","가구원수 (명)",3.0,2.9,2.9
"전체","소득4분위","자산3분위","가구주 연령 (세)",49.0,48.2,50.1
"전체","소득4분위","자산3분위","경상소득(전년도) (만원)",8102,8557,8722
"전체","소득4분위","자산3분위","자산 (만원)",30818,31236,31418
"전체","소득4분위","자산3분위","부채 (만원)",7436,7354,6166
"전체","소득4분위","자산3분위","원리금상환액(전년도) (만원)",1306,1383,1241
"전체","소득4분위","자산3분위","순자산액 (만원)",23382,23882,25252
"전체","소득4분위","자산4분위","가구분포 (%)",6.1,6.0,6.1
"전체","소득4분위","자산4분위","가구원수 (명)",3.1,3.1,3.0
"전체","소득4분위","자산4분위","가구주 연령 (세)",50.0,50.1,51.0
"전체","소득4분위","자산4분위","경상소득(전년도) (만원)",8151,8655,8997
"전체","소득4분위","자산4분위","자산 (만원)",57169,56234,57704
"전체","소득4분위","자산4분위","부채 (만원)",11469,11712,11966
"전체","소득4분위","자산4분위","원리금상환액(전년도) (만원)",1852,1782,1930
"전체","소득4분위","자산4분위","순자산액 (만원)",45700,44522,45738
"전체","소득4분위","자산5분위","가구분포 (%)",4.3,4.6,4.4
"전체","소득4분위","자산5분위","가구원수 (명)",3.1,3.0,2.9
"전체","소득4분위","자산5분위","가구주 연령 (세)",55.7,57.0,56.9
"전체","소득4분위","자산5분위","경상소득(전년도) (만원)",8303,8813,9037
"전체","소득4분위","자산5분위","자산 (만원)",137756,141162,152849
"전체","소득4분위","자산5분위","부채 (만원)",23415,21873,24242
"전체","소득4분위","자산5분위","원리금상환액(전년도) (만원)",1595,2243,2557
"전체","소득4분위","자산5분위","순자산액 (만원)",114341,119288,128607
"전체","소득5분위","전체","가구분포 (%)",20.0,20.0,20.0
"전체","소득5분위","전체","가구원수 (명)",3.4,3.4,3.3
"전체","소득5분위","전체","가구주 연령 (세)",51.3,51.8,52.2
"전체","소득5분위","전체","경상소득(전년도) (만원)",15598,16602,17338
"전체","소득5분위","전체","자산 (만원)",117458,123780,133651
"전체","소득5분위","전체","부채 (만원)",20634,20529,22286
"전체","소득5분위","전체","원리금상환액(전년도) (만원)",2771,2562,2780
"전체","소득5분위","전체","순자산액 (만원)",96825,103252,111365
"전체","소득5분위","자산1분위","가구분포 (%)",0.2,0.1,0.1
"전체","소득5분위","자산1분위","가구원수 (명)",3.5,3.3,3.5
"전체","소득5분위","자산1분위","가구주 연령 (세)",52.3,55.9,54.2
"전체","소득5분위","자산1분위","경상소득(전년도) (만원)",11486,12353,13691
"전체","소득5분위","자산1분위","자산 (만원)",4277,3700,4010
"전체","소득5분위","자산1분위","부채 (만원)",2318,4773,3696
"전체","소득5분위","자산1분위","원리금상환액(전년도) (만원)",1304,1674,798
"전체","소득5분위","자산1분위","순자산액 (만원)",1959,-1073,314
"전체","소득5분위","자산2분위","가구분포 (%)",0.8,0.7,0.7
"전체","소득5분위","자산2분위","가구원수 (명)",3.3,3.6,3.4
"전체","소득5분위","자산2분위","가구주 연령 (세)",49.9,50.4,51.3
"전체","소득5분위","자산2분위","경상소득(전년도) (만원)",12175,13058,13950
"전체","소득5분위","자산2분위","자산 (만원)",15477,16237,15112
"전체","소득5분위","자산2분위","부채 (만원)",3490,4132,3573
"전체","소득5분위","자산2분위","원리금상환액(전년도) (만원)",1395,1080,1934
"전체","소득5분위","자산2분위","순자산액 (만원)",11987,12105,11538
"전체","소득5분위","자산3분위","가구분포 (%)",2.5,2.6,2.4
"전체","소득5분위","자산3분위","가구원수 (명)",3.4,3.4,3.3
"전체","소득5분위","자산3분위","가구주 연령 (세)",49.8,49.6,50.2
"전체","소득5분위","자산3분위","경상소득(전년도) (만원)",12496,12948,13706
"전체","소득5분위","자산3분위","자산 (만원)",31911,32312,32389
"전체","소득5분위","자산3분위","부채 (만원)",6137,6477,6670
"전체","소득5분위","자산3분위","원리금상환액(전년도) (만원)",1713,1766,1625
"전체","소득5분위","자산3분위","순자산액 (만원)",25774,25835,25720
"전체","소득5분위","자산4분위","가구분포 (%)",5.9,5.7,5.7
"전체","소득5분위","자산4분위","가구원수 (명)",3.5,3.4,3.4
"전체","소득5분위","자산4분위","가구주 연령 (세)",49.5,49.8,49.5
"전체","소득5분위","자산4분위","경상소득(전년도) (만원)",14023,14230,15035
"전체","소득5분위","자산4분위","자산 (만원)",58613,59222,61564
"전체","소득5분위","자산4분위","부채 (만원)",11990,11153,11879
"전체","소득5분위","자산4분위","원리금상환액(전년도) (만원)",2382,2415,2048
"전체","소득5분위","자산4분위","순자산액 (만원)",46623,48069,49685
"전체","소득5분위","자산5분위","가구분포 (%)",10.6,10.9,11.0
"전체","소득5분위","자산5분위","가구원수 (명)",3.4,3.4,3.3
"전체","소득5분위","자산5분위","가구주 연령 (세)",52.8,53.5,54.0
"전체","소득5분위","자산5분위","경상소득(전년도) (만원)",17557,18982,19597
"전체","소득5분위","자산5분위","자산 (만원)",180583,187487,202668
"전체","소득5분위","자산5분위","부채 (만원)",30567,29993,32574
"전체","소득5분위","자산5분위","원리금상환액(전년도) (만원)",3373,2935,3494
"전체","소득5분위","자산5분위","순자산액 (만원)",150017,157494,170094
"부채 보유","전체","전체","가구분포 (%)",62.1,60.7,58.9
"부채 보유","전체","전체","가구원수 (명)",2.7,2.6,2.6
"부채 보유","전체","전체","가구주 연령 (세)",51.7,51.7,52.1
"부채 보유","전체","전체","경상소득(전년도) (만원)",7827,8319,8644
"부채 보유","전체","전체","자산 (만원)",64192,67369,71970
"부채 보유","전체","전체","부채 (만원)",14804,15043,16181
"부채 보유","전체","전체","원리금상환액(전년도) (만원)",1846,1895,2021
"부채 보유","전체","전체","순자산액 (만원)",49387,52326,55788
"부채 보유","전체","자산1분위","가구분포 (%)",7.7,7.3,6.9
"부채 보유","전체","자산1분위","가구원수 (명)",1.9,1.8,1.7
"부채 보유","전체","자산1분위","가구주 연령 (세)",50.6,50.0,50.3
"부채 보유","전체","자산1분위","경상소득(전년도) (만원)",3584,3790,3786
"부채 보유","전체","자산1분위","자산 (만원)",3087,2985,2937
"부채 보유","전체","자산1분위","부채 (만원)",2551,2580,2406
"부채 보유","전체","자산1분위","원리금상환액(전년도) (만원)",729,799,752
"부채 보유","전체","자산1분위","순자산액 (만원)",536,405,531
"부채 보유","전체","자산2분위","가구분포 (%)",11.1,10.5,10.0
"부채 보유","전체","자산2분위","가구원수 (명)",2.3,2.2,2.1
"부채 보유","전체","자산2분위","가구주 연령 (세)",49.4,49.5,49.8
"부채 보유","전체","자산2분위","경상소득(전년도) (만원)",5100,5182,5385
"부채 보유","전체","자산2분위","자산 (만원)",14597,14862,14448
"부채 보유","전체","자산2분위","부채 (만원)",5145,5330,5150
"부채 보유","전체","자산2분위","원리금상환액(전년도) (만원)",1139,1210,1138
"부채 보유","전체","자산2분위","순자산액 (만원)",9452,9532,9299
"부채 보유","전체","자산3분위","가구분포 (%)",13.2,13.1,12.7
"부채 보유","전체","자산3분위","가구원수 (명)",2.7,2.6,2.6
"부채 보유","전체","자산3분위","가구주 연령 (세)",50.5,49.7,50.9
"부채 보유","전체","자산3분위","경상소득(전년도) (만원)",6526,6911,7056
"부채 보유","전체","자산3분위","자산 (만원)",30712,30970,30848
"부채 보유","전체","자산3분위","부채 (만원)",8846,9069,9073
"부채 보유","전체","자산3분위","원리금상환액(전년도) (만원)",1517,1511,1552
"부채 보유","전체","자산3분위","순자산액 (만원)",21866,21901,21775
"부채 보유","전체","자산4분위","가구분포 (%)",14.5,14.3,13.9
"부채 보유","전체","자산4분위","가구원수 (명)",3.0,2.9,2.9
"부채 보유","전체","자산4분위","가구주 연령 (세)",51.3,51.4,51.5
"부채 보유","전체","자산4분위","경상소득(전년도) (만원)",8634,8728,9078
"부채 보유","전체","자산4분위","자산 (만원)",57000,56969,58594
"부채 보유","전체","자산4분위","부채 (만원)",14184,14357,15258
"부채 보유","전체","자산4분위","원리금상환액(전년도) (만원)",2206,2148,2181
"부채 보유","전체","자산4분위","순자산액 (만원)",42816,42612,43337
"부채 보유","전체","자산5분위","가구분포 (%)",15.6,15.6,15.3
"부채 보유","전체","자산5분위","가구원수 (명)",3.1,3.1,3.0
"부채 보유","전체","자산5분위","가구주 연령 (세)",55.3,55.9,56.0
"부채 보유","전체","자산5분위","경상소득(전년도) (만원)",12229,13344,13885
"부채 보유","전체","자산5분위","자산 (만원)",164946,172784,186894
"부채 보유","전체","자산5분위","부채 (만원)",33400,33028,36327
"부채 보유","전체","자산5분위","원리금상환액(전년도) (만원)",2849,2957,3412
"부채 보유","전체","자산5분위","순자산액 (만원)",131547,139756,150567
"부채 보유","소득1분위","전체","가구분포 (%)",6.2,6.2,5.9
"부채 보유","소득1분위","전체","가구원수 (명)",1.5,1.4,1.3
"부채 보유","소득1분위","전체","가구주 연령 (세)",58.8,59.0,58.6
"부채 보유","소득1분위","전체","경상소득(전년도) (만원)",1539,1669,1678
"부채 보유","소득1분위","전체","자산 (만원)",25883,26134,23934
"부채 보유","소득1분위","전체","부채 (만원)",6430,6365,5653
"부채 보유","소득1분위","전체","원리금상환액(전년도) (만원)",632,751,653
"부채 보유","소득1분위","전체","순자산액 (만원)",19453,19769,18282
"부채 보유","소득1분위","자산1분위","가구분포 (%)",2.5,2.4,2.4
"부채 보유","소득1분위","자산1분위","가구원수 (명)",1.3,1.2,1.2
"부채 보유","소득1분위","자산1분위","가구주 연령 (세)",54.9,54.7,55.3
"부채 보유","소득1분위","자산1분위","경상소득(전년도) (만원)",1475,1569,1665
"부채 보유","소득1분위","자산1분위","자산 (만원)",2392,2239,2346
"부채 보유","소득1분위","자산1분위","부채 (만원)",2451,2289,2178
"부채 보유","소득1분위","자산1분위","원리금상환액(전년도) (만원)",396,599,408
"부채 보유","소득1분위","자산1분위","순자산액 (만원)",-59,-50,168
"부채 보유","소득1분위","자산2분위","가구분포 (%)",1.4,1.7,1.6
"부채 보유","소득1분위","자산2분위","가구원수 (명)",1.5,1.4,1.3
"부채 보유","소득1분위","자산2분위","가구주 연령 (세)",58.1,57.7,58.0
"부채 보유","소득1분위","자산2분위","경상소득(전년도) (만원)",1543,1709,1651
"부채 보유","소득1분위","자산2분위","자산 (만원)",13554,13372,13539
"부채 보유","소득1분위","자산2분위","부채 (만원)",4083,4099,4058
"부채 보유","소득1분위","자산2분위","원리금상환액(전년도) (만원)",549,975,600
"부채 보유","소득1분위","자산2분위","순자산액 (만원)",9471,9273,9481
"부채 보유","소득1분위","자산3분위","가구분포 (%)",1.1,0.9,0.9
"부채 보유","소득1분위","자산3분위","가구원수 (명)",1.6,1.6,1.5
"부채 보유","소득1분위","자산3분위","가구주 연령 (세)",61.5,63.4,62.6
"부채 보유","소득1분위","자산3분위","경상소득(전년도) (만원)",1576,1770,1651
"부채 보유","소득1분위","자산3분위","자산 (만원)",29834,30432,29904
"부채 보유","소득1분위","자산3분위","부채 (만원)",6691,6853,8090
"부채 보유","소득1분위","자산3분위","원리금상환액(전년도) (만원)",893,644,1000
"부채 보유","소득1분위","자산3분위","순자산액 (만원)",23143,23580,21814
"부채 보유","소득1분위","자산4분위","가구분포 (%)",0.7,0.7,0.7
"부채 보유","소득1분위","자산4분위","가구원수 (명)",1.9,1.7,1.5
"부채 보유","소득1분위","자산4분위","가구주 연령 (세)",64.5,64.5,63.1
"부채 보유","소득1분위","자산4분위","경상소득(전년도) (만원)",1618,1741,1760
"부채 보유","소득1분위","자산4분위","자산 (만원)",54525,57401,57521
"부채 보유","소득1분위","자산4분위","부채 (만원)",9526,11951,11697
"부채 보유","소득1분위","자산4분위","원리금상환액(전년도) (만원)",1167,855,1005
"부채 보유","소득1분위","자산4분위","순자산액 (만원)",44999,45449,45823
"부채 보유","소득1분위","자산5분위","가구분포 (%)",0.5,0.5,0.4
"부채 보유","소득1분위","자산5분위","가구원수 (명)",1.6,1.6,1.6
"부채 보유","소득1분위","자산5분위","가구주 연령 (세)",67.5,68.2,65.1
"부채 보유","소득1분위","자산5분위","경상소득(전년도) (만원)",1675,1735,1796
"부채 보유","소득1분위","자산5분위","자산 (만원)",137194,140698,131242
"부채 보유","소득1분위","자산5분위","부채 (만원)",29383,26312,18223
"부채 보유","소득1분위","자산5분위","원리금상환액(전년도) (만원)",794,776,1024
"부채 보유","소득1분위","자산5분위","순자산액 (만원)",107811,114386,113019
"부채 보유","소득2분위","전체","가구분포 (%)",11.2,11.2,10.6
"부채 보유","소득2분위","전체","가구원수 (명)",2.0,1.9,1.8
"부채 보유","소득2분위","전체","가구주 연령 (세)",52.5,52.1,53.0
"부채 보유","소득2분위","전체","경상소득(전년도) (만원)",3354,3553,3632
"부채 보유","소득2분위","전체","자산 (만원)",32279,33404,33979
"부채 보유","소득2분위","전체","부채 (만원)",7914,8290,8273
"부채 보유","소득2분위","전체","원리금상환액(전년도) (만원)",1094,1043,1079
"부채 보유","소득2분위","전체","순자산액 (만원)",24365,25114,25706
"부채 보유","소득2분위","자산1분위","가구분포 (%)",2.8,2.7,2.6
"부채 보유","소득2분위","자산1분위","가구원수 (명)",1.8,1.8,1.6
"부채 보유","소득2분위","자산1분위","가구주 연령 (세)",48.3,47.7,47.2
"부채 보유","소득2분위","자산1분위","경상소득(전년도) (만원)",3227,3453,3520
"부채 보유","소득2분위","자산1분위","자산 (만원)",3171,2990,2880
"부채 보유","소득2분위","자산1분위","부채 (만원)",2178,2466,2110
"부채 보유","소득2분위","자산1분위","원리금상환액(전년도) (만원)",644,722,871
"부채 보유","소득2분위","자산1분위","순자산액 (만원)",992,525,770
"부채 보유","소득2분위","자산2분위","가구분포 (%)",3.4,3.4,3.0
"부채 보유","소득2분위","자산2분위","가구원수 (명)",1.9,1.7,1.7
"부채 보유","소득2분위","자산2분위","가구주 연령 (세)",49.3,48.0,48.1
"부채 보유","소득2분위","자산2분위","경상소득(전년도) (만원)",3382,3528,3616
"부채 보유","소득2분위","자산2분위","자산 (만원)",13649,14523,13787
"부채 보유","소득2분위","자산2분위","부채 (만원)",4414,5209,5371
"부채 보유","소득2분위","자산2분위","원리금상환액(전년도) (만원)",921,932,944
"부채 보유","소득2분위","자산2분위","순자산액 (만원)",9234,9314,8417
"부채 보유","소득2분위","자산3분위","가구분포 (%)",2.5,2.3,2.4
"부채 보유","소득2분위","자산3분위","가구원수 (명)",2.1,2.1,2.0
"부채 보유","소득2분위","자산3분위","가구주 연령 (세)",53.2,52.9,55.7
"부채 보유","소득2분위","자산3분위","경상소득(전년도) (만원)",3421,3636,3701
"부채 보유","소득2분위","자산3분위","자산 (만원)",30471,30320,29985
"부채 보유","소득2분위","자산3분위","부채 (만원)",8852,8456,7956
"부채 보유","소득2분위","자산3분위","원리금상환액(전년도) (만원)",1519,1149,1032
"부채 보유","소득2분위","자산3분위","순자산액 (만원)",21619,21865,22029
"부채 보유","소득2분위","자산4분위","가구분포 (%)",1.5,1.6,1.7
"부채 보유","소득2분위","자산4분위","가구원수 (명)",2.2,2.0,2.0
"부채 보유","소득2분위","자산4분위","가구주 연령 (세)",57.5,58.8,59.0
"부채 보유","소득2분위","자산4분위","경상소득(전년도) (만원)",3434,3617,3696
"부채 보유","소득2분위","자산4분위","자산 (만원)",55834,55144,56167
"부채 보유","소득2분위","자산4분위","부채 (만원)",12619,11996,11820
"부채 보유","소득2분위","자산4분위","원리금상환액(전년도) (만원)",1160,1460,1418
"부채 보유","소득2분위","자산4분위","순자산액 (만원)",43215,43148,44346
"부채 보유","소득2분위","자산5분위","가구분포 (%)",1.1,1.1,1.0
"부채 보유","소득2분위","자산5분위","가구원수 (명)",2.1,2.0,2.0
"부채 보유","소득2분위","자산5분위","가구주 연령 (세)",65.0,63.5,65.9
"부채 보유","소득2분위","자산5분위","경상소득(전년도) (만원)",3334,3597,3693
"부채 보유","소득2분위","자산5분위","자산 (만원)",135456,140196,144982
"부채 보유","소득2분위","자산5분위","부채 (만원)",24732,26171,27362
"부채 보유","소득2분위","자산5분위","원리금상환액(전년도) (만원)",1726,1323,1562
"부채 보유","소득2분위","자산5분위","순자산액 (만원)",110724,114025,117620
"부채 보유","소득3분위","전체","가구분포 (%)",14.0,13.4,13.3
"부채 보유","소득3분위","전체","가구원수 (명)",2.6,2.5,2.4
"부채 보유","소득3분위","전체","가구주 연령 (세)",50.8,50.3,50.7
"부채 보유","소득3분위","전체","경상소득(전년도) (만원)",5398,5714,5850
"부채 보유","소득3분위","전체","자산 (만원)",44985,45584,46503
"부채 보유","소득3분위","전체","부채 (만원)",10662,10976,12096
"부채 보유","소득3분위","전체","원리금상환액(전년도) (만원)",1462,1558,1732
"부채 보유","소득3분위","전체","순자산액 (만원)",34323,34609,34407
"부채 보유","소득3분위","자산1분위","가구분포 (%)",1.6,1.4,1.4
"부채 보유","소득3분위","자산1분위","가구원수 (명)",2.5,2.3,2.2
"부채 보유","소득3분위","자산1분위","가구주 연령 (세)",47.3,46.2,47.7
"부채 보유","소득3분위","자산1분위","경상소득(전년도) (만원)",5290,5497,5626
"부채 보유","소득3분위","자산1분위","자산 (만원)",3732,3719,3669
"부채 보유","소득3분위","자산1분위","부채 (만원)",2713,3077,2861
"부채 보유","소득3분위","자산1분위","원리금상환액(전년도) (만원)",1135,961,978
"부채 보유","소득3분위","자산1분위","순자산액 (만원)",1019,642,807
"부채 보유","소득3분위","자산2분위","가구분포 (%)",3.5,2.9,3.1
"부채 보유","소득3분위","자산2분위","가구원수 (명)",2.4,2.3,2.3
"부채 보유","소득3분위","자산2분위","가구주 연령 (세)",47.2,47.3,47.4
"부채 보유","소득3분위","자산2분위","경상소득(전년도) (만원)",5355,5637,5762
"부채 보유","소득3분위","자산2분위","자산 (만원)",14855,15009,14861
"부채 보유","소득3분위","자산2분위","부채 (만원)",5598,5202,5163
"부채 보유","소득3분위","자산2분위","원리금상환액(전년도) (만원)",1303,1445,1407
"부채 보유","소득3분위","자산2분위","순자산액 (만원)",9257,9807,9697
"부채 보유","소득3분위","자산3분위","가구분포 (%)",3.8,4.1,4.1
"부채 보유","소득3분위","자산3분위","가구원수 (명)",2.7,2.6,2.4
"부채 보유","소득3분위","자산3분위","가구주 연령 (세)",49.4,47.9,48.5
"부채 보유","소득3분위","자산3분위","경상소득(전년도) (만원)",5407,5717,5878
"부채 보유","소득3분위","자산3분위","자산 (만원)",30385,30443,30153
"부채 보유","소득3분위","자산3분위","부채 (만원)",8541,8942,9874
"부채 보유","소득3분위","자산3분위","원리금상환액(전년도) (만원)",1273,1347,1742
"부채 보유","소득3분위","자산3분위","순자산액 (만원)",21844,21502,20279
"부채 보유","소득3분위","자산4분위","가구분포 (%)",2.9,3.0,2.9
"부채 보유","소득3분위","자산4분위","가구원수 (명)",2.7,2.7,2.6
"부채 보유","소득3분위","자산4분위","가구주 연령 (세)",52.8,52.1,52.1
"부채 보유","소득3분위","자산4분위","경상소득(전년도) (만원)",5479,5805,5983
"부채 보유","소득3분위","자산4분위","자산 (만원)",55879,55955,57267
"부채 보유","소득3분위","자산4분위","부채 (만원)",13686,14406,15676
"부채 보유","소득3분위","자산4분위","원리금상환액(전년도) (만원)",2008,1975,2186
"부채 보유","소득3분위","자산4분위","순자산액 (만원)",42193,41549,41591
"부채 보유","소득3분위","자산5분위","가구분포 (%)",2.2,1.9,1.9
"부채 보유","소득3분위","자산5분위","가구원수 (명)",2.6,2.6,2.5
"부채 보유","소득3분위","자산5분위","가구주 연령 (세)",59.1,60.7,60.2
"부채 보유","소득3분위","자산5분위","경상소득(전년도) (만원)",5424,5847,5889
"부채 보유","소득3분위","자산5분위","자산 (만원)",134770,140738,145213
"부채 보유","소득3분위","자산5분위","부채 (만원)",24344,24806,28923
"부채 보유","소득3분위","자산5분위","원리금상환액(전년도) (만원)",1561,1971,2078
"부채 보유","소득3분위","자산5분위","순자산액 (만원)",110427,115933,116290
"부채 보유","소득4분위","전체","가구분포 (%)",15.1,14.7,14.2
"부채 보유","소득4분위","전체","가구원수 (명)",3.1,3.0,3.0
"부채 보유","소득4분위","전체","가구주 연령 (세)",49.8,49.9,50.7
"부채 보유","소득4분위","전체","경상소득(전년도) (만원)",8118,8621,8900
"부채 보유","소득4분위","전체","자산 (만원)",60635,63571,67551
"부채 보유","소득4분위","전체","부채 (만원)",15111,15222,15881
"부채 보유","소득4분위","전체","원리금상환액(전년도) (만원)",1835,2113,2109
"부채 보유","소득4분위","전체","순자산액 (만원)",45524,48348,51670
"부채 보유","소득4분위","자산1분위","가구분포 (%)",0.7,0.6,0.5
"부채 보유","소득4분위","자산1분위","가구원수 (명)",3.1,3.1,2.6
"부채 보유","소득4분위","자산1분위","가구주 연령 (세)",50.7,49.1,48.9
"부채 보유","소득4분위","자산1분위","경상소득(전년도) (만원)",7763,8458,8651
"부채 보유","소득4분위","자산1분위","자산 (만원)",3674,4071,3946
"부채 보유","소득4분위","자산1분위","부채 (만원)",3749,2535,3171
"부채 보유","소득4분위","자산1분위","원리금상환액(전년도) (만원)",1175,1325,1085
"부채 보유","소득4분위","자산1분위","순자산액 (만원)",-75,1536,775
"부채 보유","소득4분위","자산2분위","가구분포 (%)",2.3,2.0,1.9
"부채 보유","소득4분위","자산2분위","가구원수 (명)",3.1,2.9,2.9
"부채 보유","소득4분위","자산2분위","가구주 연령 (세)",47.5,48.2,48.6
"부채 보유","소득4분위","자산2분위","경상소득(전년도) (만원)",7904,8339,8677
"부채 보유","소득4분위","자산2분위","자산 (만원)",16106,16121,15349
"부채 보유","소득4분위","자산2분위","부채 (만원)",6204,6629,5497
"부채 보유","소득4분위","자산2분위","원리금상환액(전년도) (만원)",1444,1531,1371
"부채 보유","소득4분위","자산2분위","순자산액 (만원)",9902,9492,9852
"부채 보유","소득4분위","자산3분위","가구분포 (%)",4.0,3.9,3.7
"부채 보유","소득4분위","자산3분위","가구원수 (명)",3.0,3.0,3.0
"부채 보유","소득4분위","자산3분위","가구주 연령 (세)",47.7,47.0,48.5
"부채 보유","소득4분위","자산3분위","경상소득(전년도) (만원)",8111,8550,8730
"부채 보유","소득4분위","자산3분위","자산 (만원)",30787,31349,31590
"부채 보유","소득4분위","자산3분위","부채 (만원)",9838,10128,8891
"부채 보유","소득4분위","자산3분위","원리금상환액(전년도) (만원)",1608,1788,1509
"부채 보유","소득4분위","자산3분위","순자산액 (만원)",20949,21221,22699
"부채 보유","소득4분위","자산4분위","가구분포 (%)",4.8,4.6,4.6
"부채 보유","소득4분위","자산4분위","가구원수 (명)",3.2,3.1,3.1
"부채 보유","소득4분위","자산4분위","가구주 연령 (세)",48.8,48.5,49.4
"부채 보유","소득4분위","자산4분위","경상소득(전년도) (만원)",8140,8649,9028
"부채 보유","소득4분위","자산4분위","자산 (만원)",56801,55990,57643
"부채 보유","소득4분위","자산4분위","부채 (만원)",14716,15105,15773
"부채 보유","소득4분위","자산4분위","원리금상환액(전년도) (만원)",2187,2198,2306
"부채 보유","소득4분위","자산4분위","순자산액 (만원)",42085,40885,41870
"부채 보유","소득4분위","자산5분위","가구분포 (%)",3.4,3.6,3.4
"부채 보유","소득4분위","자산5분위","가구원수 (명)",3.1,3.0,2.9
"부채 보유","소득4분위","자산5분위","가구주 연령 (세)",55.1,55.9,56.1
"부채 보유","소득4분위","자산5분위","경상소득(전년도) (만원)",8310,8846,9071
"부채 보유","소득4분위","자산5분위","자산 (만원)",143040,144560,158430
"부채 보유","소득4분위","자산5분위","부채 (만원)",30225,27805,31274
"부채 보유","소득4분위","자산5분위","원리금상환액(전년도) (만원)",1998,2811,3053
"부채 보유","소득4분위","자산5분위","순자산액 (만원)",112815,116755,127156
"부채 보유","소득5분위","전체","가구분포 (%)",15.5,15.3,14.9
"부채 보유","소득5분위","전체","가구원수 (명)",3.5,3.4,3.3
"부채 보유","소득5분위","전체","가구주 연령 (세)",50.9,51.4,51.6
"부채 보유","소득5분위","전체","경상소득(전년도) (만원)",15469,16491,17217
"부채 보유","소득5분위","전체","자산 (만원)",123252,131659,144942
"부채 보유","소득5분위","전체","부채 (만원)",26549,26892,29906
"부채 보유","소득5분위","전체","원리금상환액(전년도) (만원)",3233,3068,3407
"부채 보유","소득5분위","전체","순자산액 (만원)",96703,104767,115036
"부채 보유","소득5분위","자산1분위","가구분포 (%)",0.1,0.1,0.1
"부채 보유","소득5분위","자산1분위","가구원수 (명)",4.1,3.4,3.8
"부채 보유","소득5분위","자산1분위","가구주 연령 (세)",54.1,55.8,57.6
"부채 보유","소득5분위","자산1분위","경상소득(전년도) (만원)",11299,12504,13478
"부채 보유","소득5분위","자산1분위","자산 (만원)",4036,3594,3746
"부채 보유","소득5분위","자산1분위","부채 (만원)",4699,5816,5980
"부채 보유","소득5분위","자산1분위","원리금상환액(전년도) (만원)",1949,2040,1259
"부채 보유","소득5분위","자산1분위","순자산액 (만원)",-662,-2221,-2234
"부채 보유","소득5분위","자산2분위","가구분포 (%)",0.5,0.5,0.4
"부채 보유","소득5분위","자산2분위","가구원수 (명)",3.4,3.7,3.6
"부채 보유","소득5분위","자산2분위","가구주 연령 (세)",49.4,50.6,52.1
"부채 보유","소득5분위","자산2분위","경상소득(전년도) (만원)",12112,12780,13829
"부채 보유","소득5분위","자산2분위","자산 (만원)",15376,16307,15390
"부채 보유","소득5분위","자산2분위","부채 (만원)",5232,5910,6037
"부채 보유","소득5분위","자산2분위","원리금상환액(전년도) (만원)",1766,1217,1525
"부채 보유","소득5분위","자산2분위","순자산액 (만원)",10144,10397,9353
"부채 보유","소득5분위","자산3분위","가구분포 (%)",1.8,1.8,1.7
"부채 보유","소득5분위","자산3분위","가구원수 (명)",3.5,3.4,3.4
"부채 보유","소득5분위","자산3분위","가구주 연령 (세)",49.2,48.4,48.9
"부채 보유","소득5분위","자산3분위","경상소득(전년도) (만원)",12464,12899,13750
"부채 보유","소득5분위","자산3분위","자산 (만원)",32073,32447,32617
"부채 보유","소득5분위","자산3분위","부채 (만원)",8552,9015,9603
"부채 보유","소득5분위","자산3분위","원리금상환액(전년도) (만원)",2191,2195,2205
"부채 보유","소득5분위","자산3분위","순자산액 (만원)",23521,23433,23014
"부채 보유","소득5분위","자산4분위","가구분포 (%)",4.7,4.3,4.1
"부채 보유","소득5분위","자산4분위","가구원수 (명)",3.5,3.5,3.4
"부채 보유","소득5분위","자산4분위","가구주 연령 (세)",48.9,49.0,48.7
"부채 보유","소득5분위","자산4분위","경상소득(전년도) (만원)",13774,14027,14608
"부채 보유","소득5분위","자산4분위","자산 (만원)",58630,59363,61722
"부채 보유","소득5분위","자산4분위","부채 (만원)",15118,14830,16334
"부채 보유","소득5분위","자산4분위","원리금상환액(전년도) (만원)",2832,2700,2530
"부채 보유","소득5분위","자산4분위","순자산액 (만원)",43512,44532,45387
"부채 보유","소득5분위","자산5분위","가구분포 (%)",8.4,8.5,8.6
"부채 보유","소득5분위","자산5분위","가구원수 (명)",3.4,3.4,3.3
"부채 보유","소득5분위","자산5분위","가구주 연령 (세)",52.4,53.2,53.5
"부채 보유","소득5분위","자산5분위","경상소득(전년도) (만원)",17319,18767,19366
"부채 보유","소득5분위","자산5분위","자산 (만원)",186933,197641,215148
"부채 보유","소득5분위","자산5분위","부채 (만원)",38368,38284,41894
"부채 보유","소득5분위","자산5분위","원리금상환액(전년도) (만원)",3787,3563,4183
"부채 보유","소득5분위","자산5분위","순자산액 (만원)",148565,159358,173254
"부채 미보유","전체","전체","가구분포 (%)",37.9,39.3,41.1
"부채 미보유","전체","전체","가구원수 (명)",2.0,2.0,1.9
"부채 미보유","전체","전체","가구주 연령 (세)",60.4,59.9,59.7
"부채 미보유","전체","전체","경상소득(전년도) (만원)",5021,5436,5683
"부채 미보유","전체","전체","자산 (만원)",33980,33425,34746
"부채 미보유","전체","전체","부채 (만원)",-,0,0
"부채 미보유","전체","전체","원리금상환액(전년도) (만원)",299,255,334
"부채 미보유","전체","전체","순자산액 (만원)",33980,33425,34746
"부채 미보유","전체","자산1분위","가구분포 (%)",12.3,12.7,13.1
"부채 미보유","전체","자산1분위","가구원수 (명)",1.4,1.4,1.4
"부채 미보유","전체","자산1분위","가구주 연령 (세)",60.9,59.4,59.3
"부채 미보유","전체","자산1분위","경상소득(전년도) (만원)",2357,2564,2650
"부채 미보유","전체","자산1분위","자산 (만원)",2458,2480,2403
"부채 미보유","전체","자산1분위","부채 (만원)",-,0,0
"부채 미보유","전체","자산1분위","원리금상환액(전년도) (만원)",82,93,123
"부채 미보유","전체","자산1분위","순자산액 (만원)",2458,2480,2403
"부채 미보유","전체","자산2분위","가구분포 (%)",8.9,9.5,10.0
"부채 미보유","전체","자산2분위","가구원수 (명)",1.8,1.8,1.7
"부채 미보유","전체","자산2분위","가구주 연령 (세)",60.8,60.0,59.4
"부채 미보유","전체","자산2분위","경상소득(전년도) (만원)",3671,3966,4178
"부채 미보유","전체","자산2분위","자산 (만원)",13757,13957,13650
"부채 미보유","전체","자산2분위","부채 (만원)",-,0,0
"부채 미보유","전체","자산2분위","원리금상환액(전년도) (만원)",164,175,290
"부채 미보유","전체","자산2분위","순자산액 (만원)",13757,13957,13650
"부채 미보유","전체","자산3분위","가구분포 (%)",6.8,6.9,7.3
"부채 미보유","전체","자산3분위","가구원수 (명)",2.3,2.2,2.2
"부채 미보유","전체","자산3분위","가구주 연령 (세)",60.3,60.4,60.7
"부채 미보유","전체","자산3분위","경상소득(전년도) (만원)",5300,5700,5782
"부채 미보유","전체","자산3분위","자산 (만원)",30009,30644,30328
"부채 미보유","전체","자산3분위","부채 (만원)",-,0,0
"부채 미보유","전체","자산3분위","원리금상환액(전년도) (만원)",280,262,340
"부채 미보유","전체","자산3분위","순자산액 (만원)",30009,30644,30328
"부채 미보유","전체","자산4분위","가구분포 (%)",5.5,5.7,6.0
"부채 미보유","전체","자산4분위","가구원수 (명)",2.5,2.5,2.5
"부채 미보유","전체","자산4분위","가구주 연령 (세)",59.8,60.8,60.2
"부채 미보유","전체","자산4분위","경상소득(전년도) (만원)",7229,7742,8375
"부채 미보유","전체","자산4분위","자산 (만원)",57033,56916,58031
"부채 미보유","전체","자산4분위","부채 (만원)",-,0,0
"부채 미보유","전체","자산4분위","원리금상환액(전년도) (만원)",433,641,423
"부채 미보유","전체","자산4분위","순자산액 (만원)",57033,56916,58031
"부채 미보유","전체","자산5분위","가구분포 (%)",4.4,4.4,4.7
"부채 미보유","전체","자산5분위","가구원수 (명)",2.9,2.9,2.8
"부채 미보유","전체","자산5분위","가구주 연령 (세)",59.0,59.0,59.6
"부채 미보유","전체","자산5분위","경상소득(전년도) (만원)",11922,13484,13746
"부채 미보유","전체","자산5분위","자산 (만원)",139058,138516,147134
"부채 미보유","전체","자산5분위","부채 (만원)",-,0,0
"부채 미보유","전체","자산5분위","원리금상환액(전년도) (만원)",1026,388,891
"부채 미보유","전체","자산5분위","순자산액 (만원)",139058,138516,147134
"부채 미보유","소득1분위","전체","가구분포 (%)",13.8,13.8,14.1
"부채 미보유","소득1분위","전체","가구원수 (명)",1.3,1.3,1.3
"부채 미보유","소득1분위","전체","가구주 연령 (세)",69.0,69.0,68.6
"부채 미보유","소득1분위","전체","경상소득(전년도) (만원)",1344,1431,1499
"부채 미보유","소득1분위","전체","자산 (만원)",13397,12817,12552
"부채 미보유","소득1분위","전체","부채 (만원)",-,0,0
"부채 미보유","소득1분위","전체","원리금상환액(전년도) (만원)",100,36,83
"부채 미보유","소득1분위","전체","순자산액 (만원)",13397,12817,12552
"부채 미보유","소득1분위","자산1분위","가구분포 (%)",7.8,7.7,8.0
"부채 미보유","소득1분위","자산1분위","가구원수 (명)",1.2,1.2,1.2
"부채 미보유","소득1분위","자산1분위","가구주 연령 (세)",67.1,66.9,66.4
"부채 미보유","소득1분위","자산1분위","경상소득(전년도) (만원)",1270,1345,1422
"부채 미보유","소득1분위","자산1분위","자산 (만원)",1986,1954,1869
"부채 미보유","소득1분위","자산1분위","부채 (만원)",-,0,0
"부채 미보유","소득1분위","자산1분위","원리금상환액(전년도) (만원)",54,41,57
"부채 미보유","소득1분위","자산1분위","순자산액 (만원)",1986,1954,1869
"부채 미보유","소득1분위","자산2분위","가구분포 (%)",3.4,3.6,3.5
"부채 미보유","소득1분위","자산2분위","가구원수 (명)",1.4,1.4,1.4
"부채 미보유","소득1분위","자산2분위","가구주 연령 (세)",70.6,70.7,71.6
"부채 미보유","소득1분위","자산2분위","경상소득(전년도) (만원)",1408,1508,1540
"부채 미보유","소득1분위","자산2분위","자산 (만원)",13177,13213,12873
"부채 미보유","소득1분위","자산2분위","부채 (만원)",-,0,0
"부채 미보유","소득1분위","자산2분위","원리금상환액(전년도) (만원)",73,20,103
"부채 미보유","소득1분위","자산2분위","순자산액 (만원)",13177,13213,12873
"부채 미보유","소득1분위","자산3분위","가구분포 (%)",1.5,1.4,1.7
"부채 미보유","소득1분위","자산3분위","가구원수 (명)",1.5,1.5,1.5
"부채 미보유","소득1분위","자산3분위","가구주 연령 (세)",72.3,72.5,69.9
"부채 미보유","소득1분위","자산3분위","경상소득(전년도) (만원)",1524,1586,1690
"부채 미보유","소득1분위","자산3분위","자산 (만원)",28758,29488,29322
"부채 미보유","소득1분위","자산3분위","부채 (만원)",-,0,0
"부채 미보유","소득1분위","자산3분위","원리금상환액(전년도) (만원)",46,9,200
"부채 미보유","소득1분위","자산3분위","순자산액 (만원)",28758,29488,29322
"부채 미보유","소득1분위","자산4분위","가구분포 (%)",0.8,0.8,0.7
"부채 미보유","소득1분위","자산4분위","가구원수 (명)",1.6,1.5,1.5
"부채 미보유","소득1분위","자산4분위","가구주 연령 (세)",72.5,74.5,74.1
"부채 미보유","소득1분위","자산4분위","경상소득(전년도) (만원)",1465,1604,1679
"부채 미보유","소득1분위","자산4분위","자산 (만원)",55230,55445,55203
"부채 미보유","소득1분위","자산4분위","부채 (만원)",-,0,0
"부채 미보유","소득1분위","자산4분위","원리금상환액(전년도) (만원)",161,121,8
"부채 미보유","소득1분위","자산4분위","순자산액 (만원)",55230,55445,55203
"부채 미보유","소득1분위","자산5분위","가구분포 (%)",0.3,0.2,0.2
"부채 미보유","소득1분위","자산5분위","가구원수 (명)",1.6,1.4,1.3
"부채 미보유","소득1분위","자산5분위","가구주 연령 (세)",73.8,74.7,73.8
"부채 미보유","소득1분위","자산5분위","경상소득(전년도) (만원)",1329,1546,1665
"부채 미보유","소득1분위","자산5분위","자산 (만원)",132867,110646,134716
"부채 미보유","소득1분위","자산5분위","부채 (만원)",-,0,0
"부채 미보유","소득1분위","자산5분위","원리금상환액(전년도) (만원)",1836,9,9
"부채 미보유","소득1분위","자산5분위","순자산액 (만원)",132867,110646,134716
"부채 미보유","소득2분위","전체","가구분포 (%)",8.8,8.8,9.4
"부채 미보유","소득2분위","전체","가구원수 (명)",1.8,1.7,1.7
"부채 미보유","소득2분위","전체","가구주 연령 (세)",57.5,57.0,57.5
"부채 미보유","소득2분위","전체","경상소득(전년도) (만원)",3252,3460,3534
"부채 미보유","소득2분위","전체","자산 (만원)",23842,22011,23199
"부채 미보유","소득2분위","전체","부채 (만원)",-,0,0
"부채 미보유","소득2분위","전체","원리금상환액(전년도) (만원)",164,139,193
"부채 미보유","소득2분위","전체","순자산액 (만원)",23842,22011,23199
"부채 미보유","소득2분위","자산1분위","가구분포 (%)",3.0,3.2,3.2
"부채 미보유","소득2분위","자산1분위","가구원수 (명)",1.7,1.6,1.5
"부채 미보유","소득2분위","자산1분위","가구주 연령 (세)",50.3,48.7,48.9
"부채 미보유","소득2분위","자산1분위","경상소득(전년도) (만원)",3227,3373,3455
"부채 미보유","소득2분위","자산1분위","자산 (만원)",3159,3059,2909
"부채 미보유","소득2분위","자산1분위","부채 (만원)",-,0,0
"부채 미보유","소득2분위","자산1분위","원리금상환액(전년도) (만원)",105,130,157
"부채 미보유","소득2분위","자산1분위","순자산액 (만원)",3159,3059,2909
"부채 미보유","소득2분위","자산2분위","가구분포 (%)",2.6,2.8,3.0
"부채 미보유","소득2분위","자산2분위","가구원수 (명)",1.7,1.7,1.6
"부채 미보유","소득2분위","자산2분위","가구주 연령 (세)",57.4,57.7,57.1
"부채 미보유","소득2분위","자산2분위","경상소득(전년도) (만원)",3215,3504,3546
"부채 미보유","소득2분위","자산2분위","자산 (만원)",13792,13944,13628
"부채 미보유","소득2분위","자산2분위","부채 (만원)",-,0,0
"부채 미보유","소득2분위","자산2분위","원리금상환액(전년도) (만원)",165,143,115
"부채 미보유","소득2분위","자산2분위","순자산액 (만원)",13792,13944,13628
"부채 미보유","소득2분위","자산3분위","가구분포 (%)",1.7,1.6,1.7
"부채 미보유","소득2분위","자산3분위","가구원수 (명)",2.0,1.9,1.9
"부채 미보유","소득2분위","자산3분위","가구주 연령 (세)",62.8,63.9,64.2
"부채 미보유","소득2분위","자산3분위","경상소득(전년도) (만원)",3305,3501,3631
"부채 미보유","소득2분위","자산3분위","자산 (만원)",29802,30288,30264
"부채 미보유","소득2분위","자산3분위","부채 (만원)",-,0,0
"부채 미보유","소득2분위","자산3분위","원리금상환액(전년도) (만원)",235,151,143
"부채 미보유","소득2분위","자산3분위","순자산액 (만원)",29802,30288,30264
"부채 미보유","소득2분위","자산4분위","가구분포 (%)",1.0,0.9,1.1
"부채 미보유","소득2분위","자산4분위","가구원수 (명)",2.1,2.1,2.0
"부채 미보유","소득2분위","자산4분위","가구주 연령 (세)",65.0,67.2,69.6
"부채 미보유","소득2분위","자산4분위","경상소득(전년도) (만원)",3296,3519,3574
"부채 미보유","소득2분위","자산4분위","자산 (만원)",55116,55340,57317
"부채 미보유","소득2분위","자산4분위","부채 (만원)",-,0,0
"부채 미보유","소득2분위","자산4분위","원리금상환액(전년도) (만원)",263,188,91
"부채 미보유","소득2분위","자산4분위","순자산액 (만원)",55116,55340,57317
"부채 미보유","소득2분위","자산5분위","가구분포 (%)",0.4,0.3,0.4
"부채 미보유","소득2분위","자산5분위","가구원수 (명)",2.0,1.8,1.9
"부채 미보유","소득2분위","자산5분위","가구주 연령 (세)",69.4,70.0,69.5
"부채 미보유","소득2분위","자산5분위","경상소득(전년도) (만원)",3325,3565,3563
"부채 미보유","소득2분위","자산5분위","자산 (만원)",127171,136589,144151
"부채 미보유","소득2분위","자산5분위","부채 (만원)",-,0,0
"부채 미보유","소득2분위","자산5분위","원리금상환액(전년도) (만원)",62,19,1655
"부채 미보유","소득2분위","자산5분위","순자산액 (만원)",127171,136589,144151
"부채 미보유","소득3분위","전체","가구분포 (%)",6.0,6.6,6.7
"부채 미보유","소득3분위","전체","가구원수 (명)",2.3,2.2,2.1
"부채 미보유","소득3분위","전체","가구주 연령 (세)",55.7,54.4,54.4
"부채 미보유","소득3분위","전체","경상소득(전년도) (만원)",5363,5671,5714
"부채 미보유","소득3분위","전체","자산 (만원)",34924,31939,34555
"부채 미보유","소득3분위","전체","부채 (만원)",-,0,0
"부채 미보유","소득3분위","전체","원리금상환액(전년도) (만원)",226,336,237
"부채 미보유","소득3분위","전체","순자산액 (만원)",34924,31939,34555
"부채 미보유","소득3분위","자산1분위","가구분포 (%)",1.0,1.3,1.2
"부채 미보유","소득3분위","자산1분위","가구원수 (명)",2.2,1.9,2.0
"부채 미보유","소득3분위","자산1분위","가구주 연령 (세)",50.1,46.2,46.6
"부채 미보유","소득3분위","자산1분위","경상소득(전년도) (만원)",5275,5521,5621
"부채 미보유","소득3분위","자산1분위","자산 (만원)",3488,3502,3690
"부채 미보유","소득3분위","자산1분위","부채 (만원)",-,0,0
"부채 미보유","소득3분위","자산1분위","원리금상환액(전년도) (만원)",140,235,206
"부채 미보유","소득3분위","자산1분위","순자산액 (만원)",3488,3502,3690
"부채 미보유","소득3분위","자산2분위","가구분포 (%)",1.8,1.9,2.0
"부채 미보유","소득3분위","자산2분위","가구원수 (명)",2.2,2.0,1.9
"부채 미보유","소득3분위","자산2분위","가구주 연령 (세)",52.2,50.3,49.9
"부채 미보유","소득3분위","자산2분위","경상소득(전년도) (만원)",5308,5671,5628
"부채 미보유","소득3분위","자산2분위","자산 (만원)",13877,14359,14008
"부채 미보유","소득3분위","자산2분위","부채 (만원)",-,0,0
"부채 미보유","소득3분위","자산2분위","원리금상환액(전년도) (만원)",169,301,243
"부채 미보유","소득3분위","자산2분위","순자산액 (만원)",13877,14359,14008
"부채 미보유","소득3분위","자산3분위","가구분포 (%)",1.6,1.7,1.5
"부채 미보유","소득3분위","자산3분위","가구원수 (명)",2.4,2.3,2.2
"부채 미보유","소득3분위","자산3분위","가구주 연령 (세)",56.2,58.1,57.8
"부채 미보유","소득3분위","자산3분위","경상소득(전년도) (만원)",5398,5667,5783
"부채 미보유","소득3분위","자산3분위","자산 (만원)",29988,31139,30014
"부채 미보유","소득3분위","자산3분위","부채 (만원)",-,0,0
"부채 미보유","소득3분위","자산3분위","원리금상환액(전년도) (만원)",376,366,413
"부채 미보유","소득3분위","자산3분위","순자산액 (만원)",29988,31139,30014
"부채 미보유","소득3분위","자산4분위","가구분포 (%)",1.1,1.2,1.3
"부채 미보유","소득3분위","자산4분위","가구원수 (명)",2.5,2.4,2.4
"부채 미보유","소득3분위","자산4분위","가구주 연령 (세)",61.3,61.9,60.5
"부채 미보유","소득3분위","자산4분위","경상소득(전년도) (만원)",5391,5783,5842
"부채 미보유","소득3분위","자산4분위","자산 (만원)",56702,56751,56491
"부채 미보유","소득3분위","자산4분위","부채 (만원)",-,0,0
"부채 미보유","소득3분위","자산4분위","원리금상환액(전년도) (만원)",258,607,134
"부채 미보유","소득3분위","자산4분위","순자산액 (만원)",56702,56751,56491
"부채 미보유","소득3분위","자산5분위","가구분포 (%)",0.6,0.5,0.6
"부채 미보유","소득3분위","자산5분위","가구원수 (명)",2.3,2.2,2.1
"부채 미보유","소득3분위","자산5분위","가구주 연령 (세)",63.8,61.1,63.3
"부채 미보유","소득3분위","자산5분위","경상소득(전년도) (만원)",5527,5817,5740
"부채 미보유","소득3분위","자산5분위","자산 (만원)",122433,115177,128038
"부채 미보유","소득3분위","자산5분위","부채 (만원)",-,0,0
"부채 미보유","소득3분위","자산5분위","원리금상환액(전년도) (만원)",71,6,56
"부채 미보유","소득3분위","자산5분위","순자산액 (만원)",122433,115177,128038
"부채 미보유","소득4분위","전체","가구분포 (%)",4.9,5.3,5.8
"부채 미보유","소득4분위","전체","가구원수 (명)",2.9,2.7,2.7
"부채 미보유","소득4분위","전체","가구주 연령 (세)",54.0,53.5,53.4
"부채 미보유","소득4분위","전체","경상소득(전년도) (만원)",8087,8559,8719
"부채 미보유","소득4분위","전체","자산 (만원)",51333,49923,49598
"부채 미보유","소득4분위","전체","부채 (만원)",-,0,0
"부채 미보유","소득4분위","전체","원리금상환액(전년도) (만원)",403,314,739
"부채 미보유","소득4분위","전체","순자산액 (만원)",51333,49923,49598
"부채 미보유","소득4분위","자산1분위","가구분포 (%)",0.4,0.5,0.5
"부채 미보유","소득4분위","자산1분위","가구원수 (명)",2.5,2.4,2.5
"부채 미보유","소득4분위","자산1분위","가구주 연령 (세)",49.7,47.6,46.4
"부채 미보유","소득4분위","자산1분위","경상소득(전년도) (만원)",7688,8186,8185
"부채 미보유","소득4분위","자산1분위","자산 (만원)",3322,4175,4190
"부채 미보유","소득4분위","자산1분위","부채 (만원)",-,0,0
"부채 미보유","소득4분위","자산1분위","원리금상환액(전년도) (만원)",175,303,728
"부채 미보유","소득4분위","자산1분위","순자산액 (만원)",3322,4175,4190
"부채 미보유","소득4분위","자산2분위","가구분포 (%)",0.9,1.1,1.2
"부채 미보유","소득4분위","자산2분위","가구원수 (명)",3.0,2.7,2.5
"부채 미보유","소득4분위","자산2분위","가구주 연령 (세)",52.7,49.4,47.7
"부채 미보유","소득4분위","자산2분위","경상소득(전년도) (만원)",7906,8430,8587
"부채 미보유","소득4분위","자산2분위","자산 (만원)",15086,15348,15126
"부채 미보유","소득4분위","자산2분위","부채 (만원)",-,0,0
"부채 미보유","소득4분위","자산2분위","원리금상환액(전년도) (만원)",354,440,788
"부채 미보유","소득4분위","자산2분위","순자산액 (만원)",15086,15348,15126
"부채 미보유","소득4분위","자산3분위","가구분포 (%)",1.3,1.5,1.6
"부채 미보유","소득4분위","자산3분위","가구원수 (명)",2.8,2.7,2.8
"부채 미보유","소득4분위","자산3분위","가구주 연령 (세)",53.2,51.4,53.8
"부채 미보유","소득4분위","자산3분위","경상소득(전년도) (만원)",8073,8575,8704
"부채 미보유","소득4분위","자산3분위","자산 (만원)",30913,30937,31028
"부채 미보유","소득4분위","자산3분위","부채 (만원)",-,0,0
"부채 미보유","소득4분위","자산3분위","원리금상환액(전년도) (만원)",370,309,635
"부채 미보유","소득4분위","자산3분위","순자산액 (만원)",30913,30937,31028
"부채 미보유","소득4분위","자산4분위","가구분포 (%)",1.4,1.3,1.5
"부채 미보유","소득4분위","자산4분위","가구원수 (명)",2.8,2.8,2.6
"부채 미보유","소득4분위","자산4분위","가구주 연령 (세)",54.1,55.8,55.9
"부채 미보유","소득4분위","자산4분위","경상소득(전년도) (만원)",8188,8677,8903
"부채 미보유","소득4분위","자산4분위","자산 (만원)",58472,57078,57895
"부채 미보유","소득4분위","자산4분위","부채 (만원)",-,0,0
"부채 미보유","소득4분위","자산4분위","원리금상환액(전년도) (만원)",669,345,747
"부채 미보유","소득4분위","자산4분위","순자산액 (만원)",58472,57078,57895
"부채 미보유","소득4분위","자산5분위","가구분포 (%)",1.0,1.0,1.0
"부채 미보유","소득4분위","자산5분위","가구원수 (명)",2.9,2.9,2.8
"부채 미보유","소득4분위","자산5분위","가구주 연령 (세)",57.9,60.8,59.5
"부채 미보유","소득4분위","자산5분위","경상소득(전년도) (만원)",8280,8695,8919
"부채 미보유","소득4분위","자산5분위","자산 (만원)",119587,128629,133612
"부채 미보유","소득4분위","자산5분위","부채 (만원)",-,0,0
"부채 미보유","소득4분위","자산5분위","원리금상환액(전년도) (만원)",211,147,848
"부채 미보유","소득4분위","자산5분위","순자산액 (만원)",119587,128629,133612
"부채 미보유","소득5분위","전체","가구분포 (%)",4.5,4.7,5.1
"부채 미보유","소득5분위","전체","가구원수 (명)",3.3,3.3,3.3
"부채 미보유","소득5분위","전체","가구주 연령 (세)",52.8,53.4,53.8
"부채 미보유","소득5분위","전체","경상소득(전년도) (만원)",16047,16959,17694
"부채 미보유","소득5분위","전체","자산 (만원)",97249,98361,100629
"부채 미보유","소득5분위","전체","부채 (만원)",-,0,0
"부채 미보유","소득5분위","전체","원리금상환액(전년도) (만원)",1159,930,949
"부채 미보유","소득5분위","전체","순자산액 (만원)",97249,98361,100629
"부채 미보유","소득5분위","자산1분위","가구분포 (%)",0.1,0.0,0.1
"부채 미보유","소득5분위","자산1분위","가구원수 (명)",2.9,2.9,3.0
"부채 미보유","소득5분위","자산1분위","가구주 연령 (세)",50.6,56.5,48.7
"부채 미보유","소득5분위","자산1분위","경상소득(전년도) (만원)",11668,11660,14035
"부채 미보유","소득5분위","자산1분위","자산 (만원)",4511,4187,4436
"부채 미보유","소득5분위","자산1분위","부채 (만원)",-,0,0
"부채 미보유","소득5분위","자산1분위","원리금상환액(전년도) (만원)",676,0,52
"부채 미보유","소득5분위","자산1분위","순자산액 (만원)",4511,4187,4436
"부채 미보유","소득5분위","자산2분위","가구분포 (%)",0.3,0.2,0.3
"부채 미보유","소득5분위","자산2분위","가구원수 (명)",3.1,3.2,3.2
"부채 미보유","소득5분위","자산2분위","가구주 연령 (세)",50.9,49.9,50.1
"부채 미보유","소득5분위","자산2분위","경상소득(전년도) (만원)",12303,13705,14127
"부채 미보유","소득5분위","자산2분위","자산 (만원)",15679,16075,14708
"부채 미보유","소득5분위","자산2분위","부채 (만원)",-,0,0
"부채 미보유","소득5분위","자산2분위","원리금상환액(전년도) (만원)",652,761,2527
"부채 미보유","소득5분위","자산2분위","순자산액 (만원)",15679,16075,14708
"부채 미보유","소득5분위","자산3분위","가구분포 (%)",0.7,0.7,0.7
"부채 미보유","소득5분위","자산3분위","가구원수 (명)",3.2,3.3,3.2
"부채 미보유","소득5분위","자산3분위","가구주 연령 (세)",51.4,52.4,53.1
"부채 미보유","소득5분위","자산3분위","경상소득(전년도) (만원)",12578,13072,13607
"부채 미보유","소득5분위","자산3분위","자산 (만원)",31500,31968,31872
"부채 미보유","소득5분위","자산3분위","부채 (만원)",-,0,0
"부채 미보유","소득5분위","자산3분위","원리금상환액(전년도) (만원)",500,670,306
"부채 미보유","소득5분위","자산3분위","순자산액 (만원)",31500,31968,31872
"부채 미보유","소득5분위","자산4분위","가구분포 (%)",1.2,1.4,1.6
"부채 미보유","소득5분위","자산4분위","가구원수 (명)",3.3,3.3,3.3
"부채 미보유","소득5분위","자산4분위","가구주 연령 (세)",51.9,52.3,51.6
"부채 미보유","소득5분위","자산4분위","경상소득(전년도) (만원)",14979,14845,16176
"부채 미보유","소득5분위","자산4분위","자산 (만원)",58550,58794,61144
"부채 미보유","소득5분위","자산4분위","부채 (만원)",-,0,0
"부채 미보유","소득5분위","자산4분위","원리금상환액(전년도) (만원)",655,1551,763
"부채 미보유","소득5분위","자산4분위","순자산액 (만원)",58550,58794,61144
"부채 미보유","소득5분위","자산5분위","가구분포 (%)",2.2,2.4,2.5
"부채 미보유","소득5분위","자산5분위","가구원수 (명)",3.3,3.3,3.3
"부채 미보유","소득5분위","자산5분위","가구주 연령 (세)",54.1,54.6,55.9
"부채 미보유","소득5분위","자산5분위","경상소득(전년도) (만원)",18487,19759,20404
"부채 미보유","소득5분위","자산5분위","자산 (만원)",155706,150752,159047
"부채 미보유","소득5분위","자산5분위","부채 (만원)",-,0,0
"부채 미보유","소득5분위","자산5분위","원리금상환액(전년도) (만원)",1751,662,1084
"부채 미보유","소득5분위","자산5분위","순자산액 (만원)",155706,150752,159047
